STATISTIC,Statistic Label,YEAR,Year,FUNCTION,Type of function,BEDTYPE,Bed type,UNIT,VALUE,FLAG,Flag
HOSPBEDFUNC,Hospital beds by function and type,2009,2009,TOTAL,All types of bed functions,TOT,All types of beds,Number,12813,,
HOSPBEDFUNC,Hospital beds by function and type,2010,2010,TOTAL,All types of bed functions,TOT,All types of beds,Number,12434,,
HOSPBEDFUNC,Hospital beds by function and type,2011,2011,TOTAL,All types of bed functions,TOT,All types of beds,Number,12008,,
HOSPBEDFUNC,Hospital beds by function and type,2012,2012,TOTAL,All types of bed functions,TOT,All types of beds,Number,11692,,
HOSPBEDFUNC,Hospital beds by function and type,2013,2013,TOTAL,All types of bed functions,TOT,All types of beds,Number,11837,,
HOSPBEDFUNC,Hospital beds by function and type,2014,2014,TOTAL,All types of bed functions,TOT,All types of beds,Number,11989,,
HOSPBEDFUNC,Hospital beds by function and type,2015,2015,TOTAL,All types of bed functions,TOT,All types of beds,Number,13730,B,Break in series
HOSPBEDFUNC,Hospital beds by function and type,2016,2016,TOTAL,All types of bed functions,TOT,All types of beds,Number,14042,,
HOSPBEDFUNC,Hospital beds by function and type,2017,2017,TOTAL,All types of bed functions,TOT,All types of beds,Number,14279,,
HOSPBEDFUNC,Hospital beds by function and type,2018,2018,TOTAL,All types of bed functions,TOT,All types of beds,Number,14475,,
HOSPBEDFUNC,Hospital beds by function and type,2019,2019,TOTAL,All types of bed functions,TOT,All types of beds,Number,14213,,
HOSPBEDFUNC,Hospital beds by function and type,2020,2020,TOTAL,All types of bed functions,TOT,All types of beds,Number,14412,,
HOSPBEDFUNC,Hospital beds by function and type,2021,2021,TOTAL,All types of bed functions,TOT,All types of beds,Number,14567,,
HOSPBEDFUNC,Hospital beds by function and type,2022,2022,TOTAL,All types of bed functions,TOT,All types of beds,Number,15009,,
HOSPBEDFUNC,Hospital beds by function and type,2023,2023,TOTAL,All types of bed functions,TOT,All types of beds,Number,15372,,
HOSPBEDFUNC,Hospital beds by function and type,2009,2009,TOTAL,All types of bed functions,SOM,Somatic care type beds,Number,11053,,
HOSPBEDFUNC,Hospital beds by function and type,2010,2010,TOTAL,All types of bed functions,SOM,Somatic care type beds,Number,10672,,
HOSPBEDFUNC,Hospital beds by function and type,2011,2011,TOTAL,All types of bed functions,SOM,Somatic care type beds,Number,10384,,
HOSPBEDFUNC,Hospital beds by function and type,2012,2012,TOTAL,All types of bed functions,SOM,Somatic care type beds,Number,10083,,
HOSPBEDFUNC,Hospital beds by function and type,2013,2013,TOTAL,All types of bed functions,SOM,Somatic care type beds,Number,10227,,
HOSPBEDFUNC,Hospital beds by function and type,2014,2014,TOTAL,All types of bed functions,SOM,Somatic care type beds,Number,10349,,
HOSPBEDFUNC,Hospital beds by function and type,2015,2015,TOTAL,All types of bed functions,SOM,Somatic care type beds,Number,12101,B,Break in series
HOSPBEDFUNC,Hospital beds by function and type,2016,2016,TOTAL,All types of bed functions,SOM,Somatic care type beds,Number,12412,,
HOSPBEDFUNC,Hospital beds by function and type,2017,2017,TOTAL,All types of bed functions,SOM,Somatic care type beds,Number,12638,,
HOSPBEDFUNC,Hospital beds by function and type,2018,2018,TOTAL,All types of bed functions,SOM,Somatic care type beds,Number,12841,,
HOSPBEDFUNC,Hospital beds by function and type,2019,2019,TOTAL,All types of bed functions,SOM,Somatic care type beds,Number,12600,,
HOSPBEDFUNC,Hospital beds by function and type,2020,2020,TOTAL,All types of bed functions,SOM,Somatic care type beds,Number,12818,,
HOSPBEDFUNC,Hospital beds by function and type,2021,2021,TOTAL,All types of bed functions,SOM,Somatic care type beds,Number,12952,,
HOSPBEDFUNC,Hospital beds by function and type,2022,2022,TOTAL,All types of bed functions,SOM,Somatic care type beds,Number,13324,,
HOSPBEDFUNC,Hospital beds by function and type,2023,2023,TOTAL,All types of bed functions,SOM,Somatic care type beds,Number,13738,,
HOSPBEDFUNC,Hospital beds by function and type,2009,2009,TOTAL,All types of bed functions,PSYCH,Psychiatric care type beds,Number,1760,,
HOSPBEDFUNC,Hospital beds by function and type,2010,2010,TOTAL,All types of bed functions,PSYCH,Psychiatric care type beds,Number,1762,,
HOSPBEDFUNC,Hospital beds by function and type,2011,2011,TOTAL,All types of bed functions,PSYCH,Psychiatric care type beds,Number,1624,,
HOSPBEDFUNC,Hospital beds by function and type,2012,2012,TOTAL,All types of bed functions,PSYCH,Psychiatric care type beds,Number,1609,,
HOSPBEDFUNC,Hospital beds by function and type,2013,2013,TOTAL,All types of bed functions,PSYCH,Psychiatric care type beds,Number,1610,,
HOSPBEDFUNC,Hospital beds by function and type,2014,2014,TOTAL,All types of bed functions,PSYCH,Psychiatric care type beds,Number,1640,,
HOSPBEDFUNC,Hospital beds by function and type,2015,2015,TOTAL,All types of bed functions,PSYCH,Psychiatric care type beds,Number,1629,,
HOSPBEDFUNC,Hospital beds by function and type,2016,2016,TOTAL,All types of bed functions,PSYCH,Psychiatric care type beds,Number,1630,,
HOSPBEDFUNC,Hospital beds by function and type,2017,2017,TOTAL,All types of bed functions,PSYCH,Psychiatric care type beds,Number,1641,,
HOSPBEDFUNC,Hospital beds by function and type,2018,2018,TOTAL,All types of bed functions,PSYCH,Psychiatric care type beds,Number,1634,,
HOSPBEDFUNC,Hospital beds by function and type,2019,2019,TOTAL,All types of bed functions,PSYCH,Psychiatric care type beds,Number,1613,,
HOSPBEDFUNC,Hospital beds by function and type,2020,2020,TOTAL,All types of bed functions,PSYCH,Psychiatric care type beds,Number,1594,,
HOSPBEDFUNC,Hospital beds by function and type,2021,2021,TOTAL,All types of bed functions,PSYCH,Psychiatric care type beds,Number,1615,,
HOSPBEDFUNC,Hospital beds by function and type,2022,2022,TOTAL,All types of bed functions,PSYCH,Psychiatric care type beds,Number,1685,,
HOSPBEDFUNC,Hospital beds by function and type,2023,2023,TOTAL,All types of bed functions,PSYCH,Psychiatric care type beds,Number,1634,,
HOSPBEDFUNC,Hospital beds by function and type,2009,2009,CURATIVE,Beds for curative care function,TOT,All types of beds,Number,11755,,
HOSPBEDFUNC,Hospital beds by function and type,2010,2010,CURATIVE,Beds for curative care function,TOT,All types of beds,Number,11417,,
HOSPBEDFUNC,Hospital beds by function and type,2011,2011,CURATIVE,Beds for curative care function,TOT,All types of beds,Number,11116,,
HOSPBEDFUNC,Hospital beds by function and type,2012,2012,CURATIVE,Beds for curative care function,TOT,All types of beds,Number,10885,,
HOSPBEDFUNC,Hospital beds by function and type,2013,2013,CURATIVE,Beds for curative care function,TOT,All types of beds,Number,11005,,
HOSPBEDFUNC,Hospital beds by function and type,2014,2014,CURATIVE,Beds for curative care function,TOT,All types of beds,Number,11241,,
HOSPBEDFUNC,Hospital beds by function and type,2015,2015,CURATIVE,Beds for curative care function,TOT,All types of beds,Number,12931,B,Break in series
HOSPBEDFUNC,Hospital beds by function and type,2016,2016,CURATIVE,Beds for curative care function,TOT,All types of beds,Number,13176,,
HOSPBEDFUNC,Hospital beds by function and type,2017,2017,CURATIVE,Beds for curative care function,TOT,All types of beds,Number,13369,,
HOSPBEDFUNC,Hospital beds by function and type,2018,2018,CURATIVE,Beds for curative care function,TOT,All types of beds,Number,13560,,
HOSPBEDFUNC,Hospital beds by function and type,2019,2019,CURATIVE,Beds for curative care function,TOT,All types of beds,Number,13281,,
HOSPBEDFUNC,Hospital beds by function and type,2020,2020,CURATIVE,Beds for curative care function,TOT,All types of beds,Number,13491,,
HOSPBEDFUNC,Hospital beds by function and type,2021,2021,CURATIVE,Beds for curative care function,TOT,All types of beds,Number,13626,,
HOSPBEDFUNC,Hospital beds by function and type,2022,2022,CURATIVE,Beds for curative care function,TOT,All types of beds,Number,14010,,
HOSPBEDFUNC,Hospital beds by function and type,2023,2023,CURATIVE,Beds for curative care function,TOT,All types of beds,Number,14238,,
HOSPBEDFUNC,Hospital beds by function and type,2009,2009,CURATIVE,Beds for curative care function,SOM,Somatic care type beds,Number,10656,,
HOSPBEDFUNC,Hospital beds by function and type,2010,2010,CURATIVE,Beds for curative care function,SOM,Somatic care type beds,Number,10226,,
HOSPBEDFUNC,Hospital beds by function and type,2011,2011,CURATIVE,Beds for curative care function,SOM,Somatic care type beds,Number,9927,,
HOSPBEDFUNC,Hospital beds by function and type,2012,2012,CURATIVE,Beds for curative care function,SOM,Somatic care type beds,Number,9570,,
HOSPBEDFUNC,Hospital beds by function and type,2013,2013,CURATIVE,Beds for curative care function,SOM,Somatic care type beds,Number,9686,,
HOSPBEDFUNC,Hospital beds by function and type,2014,2014,CURATIVE,Beds for curative care function,SOM,Somatic care type beds,Number,9909,,
HOSPBEDFUNC,Hospital beds by function and type,2015,2015,CURATIVE,Beds for curative care function,SOM,Somatic care type beds,Number,11604,B,Break in series
HOSPBEDFUNC,Hospital beds by function and type,2016,2016,CURATIVE,Beds for curative care function,SOM,Somatic care type beds,Number,11808,,
HOSPBEDFUNC,Hospital beds by function and type,2017,2017,CURATIVE,Beds for curative care function,SOM,Somatic care type beds,Number,11988,,
HOSPBEDFUNC,Hospital beds by function and type,2018,2018,CURATIVE,Beds for curative care function,SOM,Somatic care type beds,Number,12191,,
HOSPBEDFUNC,Hospital beds by function and type,2019,2019,CURATIVE,Beds for curative care function,SOM,Somatic care type beds,Number,11932,,
HOSPBEDFUNC,Hospital beds by function and type,2020,2020,CURATIVE,Beds for curative care function,SOM,Somatic care type beds,Number,12156,,
HOSPBEDFUNC,Hospital beds by function and type,2021,2021,CURATIVE,Beds for curative care function,SOM,Somatic care type beds,Number,12302,,
HOSPBEDFUNC,Hospital beds by function and type,2022,2022,CURATIVE,Beds for curative care function,SOM,Somatic care type beds,Number,12654,,
HOSPBEDFUNC,Hospital beds by function and type,2023,2023,CURATIVE,Beds for curative care function,SOM,Somatic care type beds,Number,12891,,
HOSPBEDFUNC,Hospital beds by function and type,2009,2009,CURATIVE,Beds for curative care function,PSYCH,Psychiatric care type beds,Number,1099,,
HOSPBEDFUNC,Hospital beds by function and type,2010,2010,CURATIVE,Beds for curative care function,PSYCH,Psychiatric care type beds,Number,1191,,
HOSPBEDFUNC,Hospital beds by function and type,2011,2011,CURATIVE,Beds for curative care function,PSYCH,Psychiatric care type beds,Number,1189,,
HOSPBEDFUNC,Hospital beds by function and type,2012,2012,CURATIVE,Beds for curative care function,PSYCH,Psychiatric care type beds,Number,1315,,
HOSPBEDFUNC,Hospital beds by function and type,2013,2013,CURATIVE,Beds for curative care function,PSYCH,Psychiatric care type beds,Number,1319,,
HOSPBEDFUNC,Hospital beds by function and type,2014,2014,CURATIVE,Beds for curative care function,PSYCH,Psychiatric care type beds,Number,1332,,
HOSPBEDFUNC,Hospital beds by function and type,2015,2015,CURATIVE,Beds for curative care function,PSYCH,Psychiatric care type beds,Number,1327,,
HOSPBEDFUNC,Hospital beds by function and type,2016,2016,CURATIVE,Beds for curative care function,PSYCH,Psychiatric care type beds,Number,1368,,
HOSPBEDFUNC,Hospital beds by function and type,2017,2017,CURATIVE,Beds for curative care function,PSYCH,Psychiatric care type beds,Number,1381,,
HOSPBEDFUNC,Hospital beds by function and type,2018,2018,CURATIVE,Beds for curative care function,PSYCH,Psychiatric care type beds,Number,1369,,
HOSPBEDFUNC,Hospital beds by function and type,2019,2019,CURATIVE,Beds for curative care function,PSYCH,Psychiatric care type beds,Number,1349,,
HOSPBEDFUNC,Hospital beds by function and type,2020,2020,CURATIVE,Beds for curative care function,PSYCH,Psychiatric care type beds,Number,1335,,
HOSPBEDFUNC,Hospital beds by function and type,2021,2021,CURATIVE,Beds for curative care function,PSYCH,Psychiatric care type beds,Number,1324,,
HOSPBEDFUNC,Hospital beds by function and type,2022,2022,CURATIVE,Beds for curative care function,PSYCH,Psychiatric care type beds,Number,1356,,
HOSPBEDFUNC,Hospital beds by function and type,2023,2023,CURATIVE,Beds for curative care function,PSYCH,Psychiatric care type beds,Number,1347,,
HOSPBEDFUNC,Hospital beds by function and type,2009,2009,REHAB,Beds for rehabilitative care function,TOT,All types of beds,Number,126,,
HOSPBEDFUNC,Hospital beds by function and type,2010,2010,REHAB,Beds for rehabilitative care function,TOT,All types of beds,Number,129,,
HOSPBEDFUNC,Hospital beds by function and type,2011,2011,REHAB,Beds for rehabilitative care function,TOT,All types of beds,Number,129,,
HOSPBEDFUNC,Hospital beds by function and type,2012,2012,REHAB,Beds for rehabilitative care function,TOT,All types of beds,Number,132,,
HOSPBEDFUNC,Hospital beds by function and type,2013,2013,REHAB,Beds for rehabilitative care function,TOT,All types of beds,Number,140,,
HOSPBEDFUNC,Hospital beds by function and type,2014,2014,REHAB,Beds for rehabilitative care function,TOT,All types of beds,Number,161,,
HOSPBEDFUNC,Hospital beds by function and type,2015,2015,REHAB,Beds for rehabilitative care function,TOT,All types of beds,Number,159,,
HOSPBEDFUNC,Hospital beds by function and type,2016,2016,REHAB,Beds for rehabilitative care function,TOT,All types of beds,Number,167,,
HOSPBEDFUNC,Hospital beds by function and type,2017,2017,REHAB,Beds for rehabilitative care function,TOT,All types of beds,Number,179,,
HOSPBEDFUNC,Hospital beds by function and type,2018,2018,REHAB,Beds for rehabilitative care function,TOT,All types of beds,Number,179,,
HOSPBEDFUNC,Hospital beds by function and type,2019,2019,REHAB,Beds for rehabilitative care function,TOT,All types of beds,Number,177,,
HOSPBEDFUNC,Hospital beds by function and type,2020,2020,REHAB,Beds for rehabilitative care function,TOT,All types of beds,Number,160,,
HOSPBEDFUNC,Hospital beds by function and type,2021,2021,REHAB,Beds for rehabilitative care function,TOT,All types of beds,Number,146,,
HOSPBEDFUNC,Hospital beds by function and type,2022,2022,REHAB,Beds for rehabilitative care function,TOT,All types of beds,Number,156,,
HOSPBEDFUNC,Hospital beds by function and type,2023,2023,REHAB,Beds for rehabilitative care function,TOT,All types of beds,Number,166,,
HOSPBEDFUNC,Hospital beds by function and type,2009,2009,REHAB,Beds for rehabilitative care function,SOM,Somatic care type beds,Number,126,,
HOSPBEDFUNC,Hospital beds by function and type,2010,2010,REHAB,Beds for rehabilitative care function,SOM,Somatic care type beds,Number,129,,
HOSPBEDFUNC,Hospital beds by function and type,2011,2011,REHAB,Beds for rehabilitative care function,SOM,Somatic care type beds,Number,129,,
HOSPBEDFUNC,Hospital beds by function and type,2012,2012,REHAB,Beds for rehabilitative care function,SOM,Somatic care type beds,Number,132,,
HOSPBEDFUNC,Hospital beds by function and type,2013,2013,REHAB,Beds for rehabilitative care function,SOM,Somatic care type beds,Number,140,,
HOSPBEDFUNC,Hospital beds by function and type,2014,2014,REHAB,Beds for rehabilitative care function,SOM,Somatic care type beds,Number,161,,
HOSPBEDFUNC,Hospital beds by function and type,2015,2015,REHAB,Beds for rehabilitative care function,SOM,Somatic care type beds,Number,159,,
HOSPBEDFUNC,Hospital beds by function and type,2016,2016,REHAB,Beds for rehabilitative care function,SOM,Somatic care type beds,Number,167,,
HOSPBEDFUNC,Hospital beds by function and type,2017,2017,REHAB,Beds for rehabilitative care function,SOM,Somatic care type beds,Number,179,,
HOSPBEDFUNC,Hospital beds by function and type,2018,2018,REHAB,Beds for rehabilitative care function,SOM,Somatic care type beds,Number,179,,
HOSPBEDFUNC,Hospital beds by function and type,2019,2019,REHAB,Beds for rehabilitative care function,SOM,Somatic care type beds,Number,177,,
HOSPBEDFUNC,Hospital beds by function and type,2020,2020,REHAB,Beds for rehabilitative care function,SOM,Somatic care type beds,Number,160,,
HOSPBEDFUNC,Hospital beds by function and type,2021,2021,REHAB,Beds for rehabilitative care function,SOM,Somatic care type beds,Number,146,,
HOSPBEDFUNC,Hospital beds by function and type,2022,2022,REHAB,Beds for rehabilitative care function,SOM,Somatic care type beds,Number,156,,
HOSPBEDFUNC,Hospital beds by function and type,2023,2023,REHAB,Beds for rehabilitative care function,SOM,Somatic care type beds,Number,166,,
HOSPBEDFUNC,Hospital beds by function and type,2009,2009,REHAB,Beds for rehabilitative care function,PSYCH,Psychiatric care type beds,Number,0,,
HOSPBEDFUNC,Hospital beds by function and type,2010,2010,REHAB,Beds for rehabilitative care function,PSYCH,Psychiatric care type beds,Number,0,,
HOSPBEDFUNC,Hospital beds by function and type,2011,2011,REHAB,Beds for rehabilitative care function,PSYCH,Psychiatric care type beds,Number,0,,
HOSPBEDFUNC,Hospital beds by function and type,2012,2012,REHAB,Beds for rehabilitative care function,PSYCH,Psychiatric care type beds,Number,0,,
HOSPBEDFUNC,Hospital beds by function and type,2013,2013,REHAB,Beds for rehabilitative care function,PSYCH,Psychiatric care type beds,Number,0,,
HOSPBEDFUNC,Hospital beds by function and type,2014,2014,REHAB,Beds for rehabilitative care function,PSYCH,Psychiatric care type beds,Number,0,,
HOSPBEDFUNC,Hospital beds by function and type,2015,2015,REHAB,Beds for rehabilitative care function,PSYCH,Psychiatric care type beds,Number,0,,
HOSPBEDFUNC,Hospital beds by function and type,2016,2016,REHAB,Beds for rehabilitative care function,PSYCH,Psychiatric care type beds,Number,0,,
HOSPBEDFUNC,Hospital beds by function and type,2017,2017,REHAB,Beds for rehabilitative care function,PSYCH,Psychiatric care type beds,Number,0,,
HOSPBEDFUNC,Hospital beds by function and type,2018,2018,REHAB,Beds for rehabilitative care function,PSYCH,Psychiatric care type beds,Number,0,,
HOSPBEDFUNC,Hospital beds by function and type,2019,2019,REHAB,Beds for rehabilitative care function,PSYCH,Psychiatric care type beds,Number,0,,
HOSPBEDFUNC,Hospital beds by function and type,2020,2020,REHAB,Beds for rehabilitative care function,PSYCH,Psychiatric care type beds,Number,0,,
HOSPBEDFUNC,Hospital beds by function and type,2021,2021,REHAB,Beds for rehabilitative care function,PSYCH,Psychiatric care type beds,Number,0,,
HOSPBEDFUNC,Hospital beds by function and type,2022,2022,REHAB,Beds for rehabilitative care function,PSYCH,Psychiatric care type beds,Number,0,,
HOSPBEDFUNC,Hospital beds by function and type,2023,2023,REHAB,Beds for rehabilitative care function,PSYCH,Psychiatric care type beds,Number,0,,
HOSPBEDFUNC,Hospital beds by function and type,2009,2009,LTC,Beds for long-term care function,TOT,All types of beds,Number,932,,
HOSPBEDFUNC,Hospital beds by function and type,2010,2010,LTC,Beds for long-term care function,TOT,All types of beds,Number,888,,
HOSPBEDFUNC,Hospital beds by function and type,2011,2011,LTC,Beds for long-term care function,TOT,All types of beds,Number,763,,
HOSPBEDFUNC,Hospital beds by function and type,2012,2012,LTC,Beds for long-term care function,TOT,All types of beds,Number,675,,
HOSPBEDFUNC,Hospital beds by function and type,2013,2013,LTC,Beds for long-term care function,TOT,All types of beds,Number,692,,
HOSPBEDFUNC,Hospital beds by function and type,2014,2014,LTC,Beds for long-term care function,TOT,All types of beds,Number,587,,
HOSPBEDFUNC,Hospital beds by function and type,2015,2015,LTC,Beds for long-term care function,TOT,All types of beds,Number,640,,
HOSPBEDFUNC,Hospital beds by function and type,2016,2016,LTC,Beds for long-term care function,TOT,All types of beds,Number,699,,
HOSPBEDFUNC,Hospital beds by function and type,2017,2017,LTC,Beds for long-term care function,TOT,All types of beds,Number,731,,
HOSPBEDFUNC,Hospital beds by function and type,2018,2018,LTC,Beds for long-term care function,TOT,All types of beds,Number,736,,
HOSPBEDFUNC,Hospital beds by function and type,2019,2019,LTC,Beds for long-term care function,TOT,All types of beds,Number,755,,
HOSPBEDFUNC,Hospital beds by function and type,2020,2020,LTC,Beds for long-term care function,TOT,All types of beds,Number,761,,
HOSPBEDFUNC,Hospital beds by function and type,2021,2021,LTC,Beds for long-term care function,TOT,All types of beds,Number,795,,
HOSPBEDFUNC,Hospital beds by function and type,2022,2022,LTC,Beds for long-term care function,TOT,All types of beds,Number,843,,
HOSPBEDFUNC,Hospital beds by function and type,2023,2023,LTC,Beds for long-term care function,TOT,All types of beds,Number,968,,
HOSPBEDFUNC,Hospital beds by function and type,2009,2009,LTC,Beds for long-term care function,SOM,Somatic care type beds,Number,271,,
HOSPBEDFUNC,Hospital beds by function and type,2010,2010,LTC,Beds for long-term care function,SOM,Somatic care type beds,Number,317,,
HOSPBEDFUNC,Hospital beds by function and type,2011,2011,LTC,Beds for long-term care function,SOM,Somatic care type beds,Number,328,,
HOSPBEDFUNC,Hospital beds by function and type,2012,2012,LTC,Beds for long-term care function,SOM,Somatic care type beds,Number,381,,
HOSPBEDFUNC,Hospital beds by function and type,2013,2013,LTC,Beds for long-term care function,SOM,Somatic care type beds,Number,401,,
HOSPBEDFUNC,Hospital beds by function and type,2014,2014,LTC,Beds for long-term care function,SOM,Somatic care type beds,Number,279,,
HOSPBEDFUNC,Hospital beds by function and type,2015,2015,LTC,Beds for long-term care function,SOM,Somatic care type beds,Number,338,,
HOSPBEDFUNC,Hospital beds by function and type,2016,2016,LTC,Beds for long-term care function,SOM,Somatic care type beds,Number,437,,
HOSPBEDFUNC,Hospital beds by function and type,2017,2017,LTC,Beds for long-term care function,SOM,Somatic care type beds,Number,471,,
HOSPBEDFUNC,Hospital beds by function and type,2018,2018,LTC,Beds for long-term care function,SOM,Somatic care type beds,Number,471,,
HOSPBEDFUNC,Hospital beds by function and type,2019,2019,LTC,Beds for long-term care function,SOM,Somatic care type beds,Number,491,,
HOSPBEDFUNC,Hospital beds by function and type,2020,2020,LTC,Beds for long-term care function,SOM,Somatic care type beds,Number,502,,
HOSPBEDFUNC,Hospital beds by function and type,2021,2021,LTC,Beds for long-term care function,SOM,Somatic care type beds,Number,504,,
HOSPBEDFUNC,Hospital beds by function and type,2022,2022,LTC,Beds for long-term care function,SOM,Somatic care type beds,Number,514,,
HOSPBEDFUNC,Hospital beds by function and type,2023,2023,LTC,Beds for long-term care function,SOM,Somatic care type beds,Number,681,,
HOSPBEDFUNC,Hospital beds by function and type,2009,2009,LTC,Beds for long-term care function,PSYCH,Psychiatric care type beds,Number,661,,
HOSPBEDFUNC,Hospital beds by function and type,2010,2010,LTC,Beds for long-term care function,PSYCH,Psychiatric care type beds,Number,571,,
HOSPBEDFUNC,Hospital beds by function and type,2011,2011,LTC,Beds for long-term care function,PSYCH,Psychiatric care type beds,Number,435,,
HOSPBEDFUNC,Hospital beds by function and type,2012,2012,LTC,Beds for long-term care function,PSYCH,Psychiatric care type beds,Number,294,,
HOSPBEDFUNC,Hospital beds by function and type,2013,2013,LTC,Beds for long-term care function,PSYCH,Psychiatric care type beds,Number,291,,
HOSPBEDFUNC,Hospital beds by function and type,2014,2014,LTC,Beds for long-term care function,PSYCH,Psychiatric care type beds,Number,308,,
HOSPBEDFUNC,Hospital beds by function and type,2015,2015,LTC,Beds for long-term care function,PSYCH,Psychiatric care type beds,Number,302,,
HOSPBEDFUNC,Hospital beds by function and type,2016,2016,LTC,Beds for long-term care function,PSYCH,Psychiatric care type beds,Number,262,,
HOSPBEDFUNC,Hospital beds by function and type,2017,2017,LTC,Beds for long-term care function,PSYCH,Psychiatric care type beds,Number,260,,
HOSPBEDFUNC,Hospital beds by function and type,2018,2018,LTC,Beds for long-term care function,PSYCH,Psychiatric care type beds,Number,265,,
HOSPBEDFUNC,Hospital beds by function and type,2019,2019,LTC,Beds for long-term care function,PSYCH,Psychiatric care type beds,Number,264,,
HOSPBEDFUNC,Hospital beds by function and type,2020,2020,LTC,Beds for long-term care function,PSYCH,Psychiatric care type beds,Number,259,,
HOSPBEDFUNC,Hospital beds by function and type,2021,2021,LTC,Beds for long-term care function,PSYCH,Psychiatric care type beds,Number,291,,
HOSPBEDFUNC,Hospital beds by function and type,2022,2022,LTC,Beds for long-term care function,PSYCH,Psychiatric care type beds,Number,329,,
HOSPBEDFUNC,Hospital beds by function and type,2023,2023,LTC,Beds for long-term care function,PSYCH,Psychiatric care type beds,Number,287,,
HOSPBEDFUNC,Hospital beds by function and type,2009,2009,OTHER,Beds for other care function,TOT,All types of beds,Number,0,,
HOSPBEDFUNC,Hospital beds by function and type,2010,2010,OTHER,Beds for other care function,TOT,All types of beds,Number,0,,
HOSPBEDFUNC,Hospital beds by function and type,2011,2011,OTHER,Beds for other care function,TOT,All types of beds,Number,0,,
HOSPBEDFUNC,Hospital beds by function and type,2012,2012,OTHER,Beds for other care function,TOT,All types of beds,Number,0,,
HOSPBEDFUNC,Hospital beds by function and type,2013,2013,OTHER,Beds for other care function,TOT,All types of beds,Number,0,,
HOSPBEDFUNC,Hospital beds by function and type,2014,2014,OTHER,Beds for other care function,TOT,All types of beds,Number,0,,
HOSPBEDFUNC,Hospital beds by function and type,2015,2015,OTHER,Beds for other care function,TOT,All types of beds,Number,0,,
HOSPBEDFUNC,Hospital beds by function and type,2016,2016,OTHER,Beds for other care function,TOT,All types of beds,Number,0,,
HOSPBEDFUNC,Hospital beds by function and type,2017,2017,OTHER,Beds for other care function,TOT,All types of beds,Number,0,,
HOSPBEDFUNC,Hospital beds by function and type,2018,2018,OTHER,Beds for other care function,TOT,All types of beds,Number,0,,
HOSPBEDFUNC,Hospital beds by function and type,2019,2019,OTHER,Beds for other care function,TOT,All types of beds,Number,0,,
HOSPBEDFUNC,Hospital beds by function and type,2020,2020,OTHER,Beds for other care function,TOT,All types of beds,Number,0,,
HOSPBEDFUNC,Hospital beds by function and type,2021,2021,OTHER,Beds for other care function,TOT,All types of beds,Number,0,,
HOSPBEDFUNC,Hospital beds by function and type,2022,2022,OTHER,Beds for other care function,TOT,All types of beds,Number,0,,
HOSPBEDFUNC,Hospital beds by function and type,2023,2023,OTHER,Beds for other care function,TOT,All types of beds,Number,0,,
HOSPBEDFUNC,Hospital beds by function and type,2009,2009,OTHER,Beds for other care function,SOM,Somatic care type beds,Number,0,,
HOSPBEDFUNC,Hospital beds by function and type,2010,2010,OTHER,Beds for other care function,SOM,Somatic care type beds,Number,0,,
HOSPBEDFUNC,Hospital beds by function and type,2011,2011,OTHER,Beds for other care function,SOM,Somatic care type beds,Number,0,,
HOSPBEDFUNC,Hospital beds by function and type,2012,2012,OTHER,Beds for other care function,SOM,Somatic care type beds,Number,0,,
HOSPBEDFUNC,Hospital beds by function and type,2013,2013,OTHER,Beds for other care function,SOM,Somatic care type beds,Number,0,,
HOSPBEDFUNC,Hospital beds by function and type,2014,2014,OTHER,Beds for other care function,SOM,Somatic care type beds,Number,0,,
HOSPBEDFUNC,Hospital beds by function and type,2015,2015,OTHER,Beds for other care function,SOM,Somatic care type beds,Number,0,,
HOSPBEDFUNC,Hospital beds by function and type,2016,2016,OTHER,Beds for other care function,SOM,Somatic care type beds,Number,0,,
HOSPBEDFUNC,Hospital beds by function and type,2017,2017,OTHER,Beds for other care function,SOM,Somatic care type beds,Number,0,,
HOSPBEDFUNC,Hospital beds by function and type,2018,2018,OTHER,Beds for other care function,SOM,Somatic care type beds,Number,0,,
HOSPBEDFUNC,Hospital beds by function and type,2019,2019,OTHER,Beds for other care function,SOM,Somatic care type beds,Number,0,,
HOSPBEDFUNC,Hospital beds by function and type,2020,2020,OTHER,Beds for other care function,SOM,Somatic care type beds,Number,0,,
HOSPBEDFUNC,Hospital beds by function and type,2021,2021,OTHER,Beds for other care function,SOM,Somatic care type beds,Number,0,,
HOSPBEDFUNC,Hospital beds by function and type,2022,2022,OTHER,Beds for other care function,SOM,Somatic care type beds,Number,0,,
HOSPBEDFUNC,Hospital beds by function and type,2023,2023,OTHER,Beds for other care function,SOM,Somatic care type beds,Number,0,,
HOSPBEDFUNC,Hospital beds by function and type,2009,2009,OTHER,Beds for other care function,PSYCH,Psychiatric care type beds,Number,0,,
HOSPBEDFUNC,Hospital beds by function and type,2010,2010,OTHER,Beds for other care function,PSYCH,Psychiatric care type beds,Number,0,,
HOSPBEDFUNC,Hospital beds by function and type,2011,2011,OTHER,Beds for other care function,PSYCH,Psychiatric care type beds,Number,0,,
HOSPBEDFUNC,Hospital beds by function and type,2012,2012,OTHER,Beds for other care function,PSYCH,Psychiatric care type beds,Number,0,,
HOSPBEDFUNC,Hospital beds by function and type,2013,2013,OTHER,Beds for other care function,PSYCH,Psychiatric care type beds,Number,0,,
HOSPBEDFUNC,Hospital beds by function and type,2014,2014,OTHER,Beds for other care function,PSYCH,Psychiatric care type beds,Number,0,,
HOSPBEDFUNC,Hospital beds by function and type,2015,2015,OTHER,Beds for other care function,PSYCH,Psychiatric care type beds,Number,0,,
HOSPBEDFUNC,Hospital beds by function and type,2016,2016,OTHER,Beds for other care function,PSYCH,Psychiatric care type beds,Number,0,,
HOSPBEDFUNC,Hospital beds by function and type,2017,2017,OTHER,Beds for other care function,PSYCH,Psychiatric care type beds,Number,0,,
HOSPBEDFUNC,Hospital beds by function and type,2018,2018,OTHER,Beds for other care function,PSYCH,Psychiatric care type beds,Number,0,,
HOSPBEDFUNC,Hospital beds by function and type,2019,2019,OTHER,Beds for other care function,PSYCH,Psychiatric care type beds,Number,0,,
HOSPBEDFUNC,Hospital beds by function and type,2020,2020,OTHER,Beds for other care function,PSYCH,Psychiatric care type beds,Number,0,,
HOSPBEDFUNC,Hospital beds by function and type,2021,2021,OTHER,Beds for other care function,PSYCH,Psychiatric care type beds,Number,0,,
HOSPBEDFUNC,Hospital beds by function and type,2022,2022,OTHER,Beds for other care function,PSYCH,Psychiatric care type beds,Number,0,,
HOSPBEDFUNC,Hospital beds by function and type,2023,2023,OTHER,Beds for other care function,PSYCH,Psychiatric care type beds,Number,0,,
HOSPBEDFUNC,Hospital beds by function and type,2024,2024,TOTAL,All types of bed functions,TOT,All types of beds,Number,15784,,
HOSPBEDFUNC,Hospital beds by function and type,2024,2024,TOTAL,All types of bed functions,SOM,Somatic care type beds,Number,14039,,
HOSPBEDFUNC,Hospital beds by function and type,2024,2024,TOTAL,All types of bed functions,PSYCH,Psychiatric care type beds,Number,1745,,
HOSPBEDFUNC,Hospital beds by function and type,2024,2024,CURATIVE,Beds for curative care function,TOT,All types of beds,Number,14639,,
HOSPBEDFUNC,Hospital beds by function and type,2024,2024,CURATIVE,Beds for curative care function,SOM,Somatic care type beds,Number,13274,,
HOSPBEDFUNC,Hospital beds by function and type,2024,2024,CURATIVE,Beds for curative care function,PSYCH,Psychiatric care type beds,Number,1365,,
HOSPBEDFUNC,Hospital beds by function and type,2024,2024,REHAB,Beds for rehabilitative care function,TOT,All types of beds,Number,142,,
HOSPBEDFUNC,Hospital beds by function and type,2024,2024,REHAB,Beds for rehabilitative care function,SOM,Somatic care type beds,Number,142,,
HOSPBEDFUNC,Hospital beds by function and type,2024,2024,REHAB,Beds for rehabilitative care function,PSYCH,Psychiatric care type beds,Number,0,,
HOSPBEDFUNC,Hospital beds by function and type,2024,2024,LTC,Beds for long-term care function,TOT,All types of beds,Number,1003,,
HOSPBEDFUNC,Hospital beds by function and type,2024,2024,LTC,Beds for long-term care function,SOM,Somatic care type beds,Number,623,,
HOSPBEDFUNC,Hospital beds by function and type,2024,2024,LTC,Beds for long-term care function,PSYCH,Psychiatric care type beds,Number,380,,
HOSPBEDFUNC,Hospital beds by function and type,2024,2024,OTHER,Beds for other care function,TOT,All types of beds,Number,0,,
HOSPBEDFUNC,Hospital beds by function and type,2024,2024,OTHER,Beds for other care function,SOM,Somatic care type beds,Number,0,,
HOSPBEDFUNC,Hospital beds by function and type,2024,2024,OTHER,Beds for other care function,PSYCH,Psychiatric care type beds,Number,0,,
