,,,,,,,,,,Daily Trolley count,,,,Surge Capacity in Use (Full report @14:00),,Delayed Transfers of Care (As of Midnight),,No of Total Waiting >24hrs,,No of >75+yrs Waiting >24hrs
,,,,,,,,,,ED Trolleys,Ward Trolleys,Total,,,,,,,,
National Total,,,,,,,,,,252,113,365,,570,,508,,78,,3
HSE Dublin & North East,,,,,,,,,,,,,,,,,,,,
,Beaumont Hospital,,,,,,,,,12,0,12,,26,,24,,,,
,,,,,,,,,,,,,,,,,,,,
,Cavan General Hospital,,,,,,,,,8,0,8,,6,,3,,,,
,,,,,,,,,,,,,,,,,,,,
,Connolly Hospital,,,,,,,,,0,0,0,,4,,4,,,,
,,,,,,,,,,,,,,,,,,,,
,Louth County Hospital,,,,,,,,,,,,,,,0,,,,
,,,,,,,,,,,,,,,,,,,,
,Mater Misericordiae University Hospital,,,,,,,,,22,0,22,,49,,17,,1,,
,,,,,,,,,,,,,,,,,,,,
,National Orthopaedic Hospital Cappagh,,,,,,,,,,,,,,,0,,,,
,,,,,,,,,,,,,,,,,,,,
,Our Lady of Lourdes Hospital,,,,,,,,,4,0,4,,33,,11,,,,
,,,,,,,,,,,,,,,,,,,,
,Our Lady's Hospital Navan,,,,,,,,,0,0,0,,19,,0,,,,
HSE Dublin and North East Total,,,,,,,,,,46,0,46,,137,,59,,1,,0
HSE Dublin & Midlands,,,,,,,,,,,,,,,,,,,,
,CHI at Crumlin,,,,,,,,,2,0,2,,0,,3,,,,
,,,,,,,,,,,,,,,,,,,,
,CHI at Tallaght,,,,,,,,,1,0,1,,5,,2,,,,
,,,,,,,,,,,,,,,,,,,,
,CHI at Temple Street,,,,,,,,,1,0,1,,0,,1,,,,
,,,,,,,,,,,,,,,,,,,,
,MRH Mullingar,,,,,,,,,8,2,10,,0,,2,,,,
,,,,,,,,,,,,,,,,,,,,
,MRH Portlaoise,,,,,,,,,8,0,8,,14,,3,,,,
,,,,,,,,,,,,,,,,,,,,
,MRH Tullamore,,,,,,,,,0,0,0,,17,,10,,,,
,,,,,,,,,,,,,,,,,,,,
,Naas General Hospital,,,,,,,,,16,0,16,,22,,10,,2,,
,,,,,,,,,,,,,,,,,,,,
,St. James's Hospital,,,,,,,,,14,0,14,,12,,54,,,,
,,,,,,,,,,,,,,,,,,,,
,St. Luke's Radiation Oncology Network,,,,,,,,,,,,,,,0,,,,
,,,,,,,,,,,,,,,,,,,,
,Tallaght University Hospital,,,,,,,,,0,0,0,,12,,10,,,,
HSE Dublin and Midlands Total,,,,,,,,,,50,2,52,,82,,95,,2,,0
HSE Dublin & South East,,,,,,,,,,,,,,,,,,,,
,National Rehabilitation Hospital,,,,,,,,,,,,,,,7,,,,
,,,,,,,,,,,,,,,,,,,,
,St. Columcille's Hospital,,,,,,,,,,,,,,,7,,,,
,,,,,,,,,,,,,,,,,,,,
,St Luke's General Hospital Kilkenny,,,,,,,,,12,5,17,,16,,21,,2,,
,,,,,,,,,,,,,,,,,,,,
,St. Michael's Hospital,,,,,,,,,,,,,,,7,,,,
,,,,,,,,,,,,,,,,,,,,
,St. Vincent's University Hospital,,,,,,,,,39,10,49,,62,,28,,12,,2
,,,,,,,,,,,,,,,,,,,,
,Tipperary University Hospital,,,,,,,,,9,0,9,,26,,10,,2,,
,,,,,,,,,,,,,,,,,,,,
,UH Waterford,,,,,,,,,0,0,0,,0,,26,,,,
,,,,,,,,,,,,,,,,,,,,
,Wexford General Hospital,,,,,,,,,1,2,3,,21,,7,,1,,
HSE Dublin and South East Total,,,,,,,,,,61,17,78,,125,,113,,17,,2
HSE South West,,,,,,,,,,,,,,,,,,,,
,Bantry General Hospital,,,,,,,,,,,,,,,9,,,,
,,,,,,,,,,,,,,,,,,,,
,Cork University Hospital,,,,,,,,,29,10,39,,46,,37,,4,,1
,,,,,,,,,,,,,,,,,,,,
,Mallow General Hospital,,,,,,,,,,,,,,,5,,,,
,,,,,,,,,,,,,,,,,,,,
,Mercy University Hospital,,,,,,,,,3,0,3,,20,,17,,,,
,,,,,,,,,,,,,,,,,,,,
,South Infirmary Victoria University Hospital,,,,,,,,,,,,,,,3,,,,
,,,,,,,,,,,,,,,,,,,,
,UH Kerry,,,,,,,,,10,0,10,,20,,16,,4,,
HSE South West Total,,,,,,,,,,42,10,52,,86,,87,,8,,1
HSE Mid West,,,,,,,,,,,,,,,,,,,,
,Ennis Hospital,,,,,,,,,,,,,,,5,,,,
,,,,,,,,,,,,,,,,,,,,
,Nenagh Hospital,,,,,,,,,,,,,,,1,,,,
,,,,,,,,,,,,,,,,,,,,
,St. John's Hospital Limerick,,,,,,,,,,,,,,,7,,,,
,,,,,,,,,,,,,,,,,,,,
,UH Limerick,,,,,,,,,17,43,60,,40,,21,,29,,
HSE Mid West Total,,,,,,,,,,17,43,60,,40,,34,,29,,0
HSE West & North West,,,,,,,,,,,,,,,,,,,,
,Galway University Hospital,,,,,,,,,13,16,29,,43,,32,,3,,
,,,,,,,,,,,,,,,,,,,,
,Letterkenny University Hospital,,,,,,,,,4,2,6,,12,,38,,,,
,,,,,,,,,,,,,,,,,,,,
,Mayo University Hospital,,,,,,,,,7,15,22,,12,,8,,14,,
,,,,,,,,,,,,,,,,,,,,
,Portiuncula University Hospital,,,,,,,,,7,0,7,,6,,10,,,,
,,,,,,,,,,,,,,,,,,,,
,Roscommon University Hospital,,,,,,,,,,,,,,,3,,,,
,,,,,,,,,,,,,,,,,,,,
,Sligo University Hospital,,,,,,,,,5,8,13,,27,,29,,4,,
HSE West and North West Total,,,,,,,,,,36,41,77,,100,,120,,21,,0
,,,,,,,,,,,,,,,,,,,,
,,,,,,,,,,,,,,,,,,,,
Return To Urgent-emergency-care-report (daily),,,,,,,,,,,,,,,,,,,,
Definitions:,,,,,,,,,,,,,,,,,,,,
ED Trolleys: The number of patients on ED Trolleys across Emergency Departments with a decision to admit (DTA) waiting for transfer to inpatient bed accommodation.,,,,,,,,,,,,,,,,,,,,
Ward Trolleys: The number of patients awaiting transfer to an inpatient bed on a trolley on a ward following the decision to admit.,,,,,,,,,,,,,,,,,,,,
Total Trolleys: A total of ED and Ward Trolleys.,,,,,,,,,,,,,,,,,,,,
Surge Capacity in Use: The number of additional inpatient beds in operation temporarily to meet demand e.g. Day Wards / Assessment Units etc.,,,,,,,,,,,,,,,,,,,,
Delayed Transfers of Care (as of Midnight): The total number of patients ready for discharge / transfer who have completed their acute inpatient hospital care and are still occupying a bed designated for such care.,,,,,,,,,,,,,,,,,,,,
No of Total Waiting > 24hrs: The number of patients >24hrs waiting for transfer to inpatient bed accommodation following a decision to admit (DTA).,,,,,,,,,,,,,,,,,,,,
No of >75+yrs waiting > 24hrs: The number of patients who are over 75yrs of age where there has been a decision to admit that are waiting >24hrs for transfer to an inpatient bed.,,,,,,,,,,,,,,,,,,,,
